-490.4031185573843,0.1780397692273965
-489.89657181979373,0.22235686257240772
-489.39002508225116,0.25203537191253744
-488.86237223060033,0.2518104072836991
-488.3558254930099,0.2053934349448916
-487.82817264135906,0.20516847031605145
-487.3216259038165,0.03690294919194059
-486.7939730521657,0.027235345489618368
-486.28742631457516,-0.14690819576074432
-485.7808795770326,-0.1498364796200331
-485.25322672538175,-0.18335957936568192
-484.7466799877912,-0.1704939382607762
-484.2190271361405,-0.17071890288961455
-483.7124803985979,-0.1507183409650672
-483.20593366100735,-0.04476993522334283
-482.6782808093565,0.07439377289665927
-482.171734071814,0.07417780685299213
-481.6440812201632,0.073952842224152
-481.1375344825726,0.07373687618046532
-480.6309877450301,0.10376044988264788
-480.10333489337927,0.15344683680350357
-479.5967881557888,0.29773022007833916
-479.069135304186,0.29750525544952033
-478.5625885665954,0.31336310550225654
-478.0349357149446,0.38119433336124686
-477.52838897735404,0.5354779272633365
-477.0218422398115,0.5352619612196694
-476.4941893881607,0.5350369965908293
-475.9876426505702,0.5348210305471426
-475.4599897989674,0.2690564271883904
-474.95344306137684,0.2688404611447037
-474.4468963237863,0.19783620926440193
-473.9192434721835,0.1591917488986372
-473.41269673459294,0.1589757828549505
-472.8850438829421,-0.04173240895354802
-472.37849714539954,-0.04194837499721693
-471.85084429374876,-0.042173339626055295
-471.34429755615827,0.0010122456002239488
-470.8377508185677,0.09483580533040126
-470.3100979669649,0.25436530761523635
-469.80355122937436,0.09439487465789576
-469.27589837772354,0.2539243769427113
-468.76935164018096,0.32926997521560075
-468.2628049025904,0.2534924448553557
-467.7351520509397,0.20065780530867094
-467.22860531339705,0.3286130784994086
-466.7009524617462,0.30977126089478624
-466.19440572415573,0.30955529485109956
-465.66675287250496,0.47179772004882103
-465.1602061349624,0.4715817540051539
-464.6536593973718,0.4808255130324053
-464.1260065457211,0.4806005484035669
-463.6194598081785,0.6579146336272821
-463.09180695652765,0.657689668998442
-462.58526021893715,0.6574737029547553
-462.07871348139463,0.38313007002725996
-461.5510606297438,0.3158702856656106
-461.04451389215325,0.30609131230408515
-460.51686104055045,0.3058663476752663
-460.0103143029599,0.30565038163157965
-459.50376756536934,0.3091256885757705
-458.9761147137185,0.30890072394693213
-458.46956797617605,0.368915750670439
-457.9419151245252,0.36869078604160066
-457.43536838693467,0.31986968611576394
-456.9077155353319,0.19002500783917498
-456.4011687977413,-0.05985783132282663
-455.89462206015077,-0.06007379736651508
-455.36696920854797,-0.060298761995333905
-454.8604224709575,0.3058813334955808
-454.33276961930665,0.3056563688667424
-453.8262228817641,0.3054404028230753
-453.31967614417357,0.26463514009117617
-452.79202329252274,0.2644101754623378
-452.2854765549322,0.26419420941864935
-451.7578237033294,0.2639692447898305
-451.25127696573884,0.26375327874614385
-450.723624114088,0.2519074785416784
-450.21707737654543,0.25169151249801125
-449.7105306389549,0.22301914703781023
-449.18287778730416,0.25125058182548443
-448.6763310497616,0.2742466098492127
-448.14867819811076,0.3116168089951685
-447.64213146052026,0.2832116824117996
-447.1355847229777,0.364077669594165
-446.60793187132685,0.3638527049653266
-446.1013851337363,0.28255478569560566
-445.5737322820856,0.27525669994598445
-445.067185544543,0.24093403820443093
-444.56063880695245,0.24036716887973952
-444.0329859553016,0.24014220425090116
-443.5264392177591,0.026685152525091738
-442.9987863661083,-0.19398165426124514
-442.4922396285177,-0.1941976203049336
-441.9645867768669,-0.19442258493377196
-441.4580400393244,-0.014670393518693814
-440.9514933017339,-0.014886359562382268
-440.42384045008305,-0.015111324191220632
-439.9172937125405,-0.01532729023488777
-439.3896408608897,0.18704225412975894
-438.88309412329914,-0.040609559581337606
-438.3765473857566,-0.040825525625004744
-437.8488945341058,-0.04455711230443704
-437.3423477965153,-0.062139326308393805
-436.8146949449125,-0.06236429093721085
-436.30814820732195,-0.13010463741570355
-435.7804953556711,-0.25831878837364464
-435.27394861808057,-0.2585347544173331
-434.76740188053805,0.045715052630777464
-434.2397490288872,0.0454900880019391
-433.7332022912967,0.045274121958250646
-433.2055494396939,0.04977110491362069
-432.69900270210337,0.049555138869932236
-432.1924559645128,-0.025034597072057352
-431.66480311290996,-0.0252595617008744
-431.1582563753194,0.04889824215373828
-430.63060352366864,-0.025700492373401218
-430.12405678612606,0.22864807003094612
-429.6175100485355,0.22843210398725766
-429.0898571968848,-0.03638982551170322
-428.58331045929424,-0.23734720800161213
-428.05565760769133,-0.26029101321632453
-427.54911087010083,-0.3583308360007873
-427.02145801845006,-0.35855580062962567
-426.5149112809075,-0.2609479099325185
-426.00836454331693,-0.15681788211135306
-425.4807116916661,-0.15704284674019142
-424.9741649541236,-0.033771284110635236
-424.44651210247275,0.04640315945388451
-423.93996536488226,0.04618719341019606
-423.43341862733973,0.04597122736652892
-422.9057657756889,0.10057637438701406
-422.39921903809835,0.045530296694002104
-421.8715661864475,-0.016445814882905196
-421.365019448905,-0.016661780926572334
-420.8373665972542,-0.021147519793373704
-420.3308198596636,-0.02899585152126427
-419.82427312212116,-0.032274026517786325
-419.2966202704703,-0.029436782193769773
-418.7900735328798,-0.029652748237458226
-418.26242068122895,0.007301219210573251
-417.7558739436864,0.007085253166906114
-417.24932720609587,0.00686928712321766
-416.72167435444504,-0.07901688491212333
-416.2151276169026,-0.07923285095579047
-415.68747476525175,-0.07945781558462883
-415.1809280276612,-0.021849361598414774
-414.6743812901186,-0.02206532764208191
-414.14672843846785,-0.022290292270920276
-413.6401817008773,-0.02250625831460873
-413.11252884927444,-0.17213060396558966
-412.60598211168394,-0.2788304647475961
-412.0783292600332,-0.17257153463811647
-411.5717825224426,0.0018353404114765937
-411.0652357849,0.0016193743678094563
-410.53758293324927,0.030717665944600014
-410.0310361956587,0.030501699900913337
-409.50338334405586,0.030276735272094513
-408.9968366064653,0.03006076922840606
-408.49028986887475,0.19802727213368954
-407.96263701727196,-0.052057332833756575
-407.4560902796814,-0.05227329887744503
-406.9284374280306,0.04842790350279458
-406.4218906904881,-0.05271422954995053
-405.8942378388373,-0.09523564719937205
-405.38769110124673,-0.13926997165041044
-404.8811443636562,-0.09566757928674718
-404.3534915120534,-0.09589254391556601
-403.8469447744628,-0.055239302284253
-403.319291922812,0.11223797482004727
-402.8127451852695,0.11202200877638013
-402.306198447679,0.075979310195887
-401.77854559602815,0.11158107810385332
-401.27199885848563,0.0755383795233815
-400.7443460068348,0.04357400259565303
-400.23779926924425,0.043358036551964574
-399.7312525317017,0.21467970697087146
-399.2035996800509,-0.1254974474520143
-398.6970529424604,0.17099517531923603
-398.1694000908096,0.17077021069039588
-397.66285335326705,-0.17602119779103909
-397.1352005016162,-0.18488679128764396
-396.62865376402567,-0.1851027573313324
-396.12210702648315,-0.206294044224288
-395.5944541748323,-0.18554368800383791
-395.0879074372418,-0.1857596540475246
-394.5602545856389,0.04581296178878347
-394.0537078480485,0.045596995745095015
-393.5471611104579,0.1956588281490692
-393.0195082588071,0.32406051685446613
-392.5129615212645,0.323844550810799
-391.98530866961374,0.2976383866613599
-391.4787619320232,0.2974224206176732
-390.95110908042034,-0.061716303335540346
-390.4445623428298,-0.15910435347562846
-389.93801560523923,-0.06214823542291548
-389.41036275363643,-0.0623732000517343
-388.90381601604594,-0.1597612501918224
-388.3761631643951,-0.15998621482066078
-387.8696164268526,-0.16392348406321489
-387.36306968926203,-0.16413945010690156
-386.8354168376112,-0.2719217142082879
-386.32887010002065,-0.2721376802519746
-385.80121724841786,0.12006675603446837
-385.29467051082736,0.11985078999077992
-384.76701765917653,0.08389509209664503
-384.260470921634,0.08367912605297789
-383.75392418404346,0.0698625864512401
-383.2262713323926,-0.11865952293335091
-382.7197245948501,-0.11887548897701805
-382.1920717431993,-0.04247644168893672
-381.6855250056087,-0.04269240773262517
-381.17897826806626,-0.02246800117799097
-380.65132541641543,0.08114947569167086
-380.1447786788249,0.08093350964798418
-379.61712582717405,0.08070854501914404
-379.1105790896315,0.09126252910425237
-378.604032352041,0.09104656306056569
-378.07637950039015,0.2150737510893439
-377.5698327628477,0.21485778504567676
-377.04217991119685,0.15094583215024215
-376.5356331736063,0.21441685437315172
-376.0079803219555,0.21475673834950548
-375.50143358441295,0.1502889354340482
-374.9948868468224,0.009909091231872225
-374.46723399517157,0.012761320153444444
-373.960687257629,0.009468160559364946
-373.4330344059783,0.009243195930526582
-372.9264876683877,0.012104423437250489
-372.4199409308451,0.07491099307324767
-371.8922880791943,0.07468602844440753
-371.3857413416038,0.07447006240072085
-370.85808849000097,-0.02777782403093987
-370.3515417524104,-0.027993790074628322
-369.82388890075964,-0.028218754703466686
-369.31734216316914,-0.028434720747153364
-368.8107954256265,-0.04100597705558506
-368.2831425739757,0.14221661508600647
-367.7765958363852,0.1420006490423198
-367.2489429847824,0.01956590250308743
-366.74239624719183,0.2632863047031382
-366.2358495096013,0.26307033865944973
-365.7081966579985,0.08287074779383197
-365.20164992040793,0.07281980529243448
-364.6739970687571,0.08242981712130515
-364.16745033121464,0.08221385107763801
-363.6609035936241,0.19532272337260714
-363.13325074197326,0.2704072922639664
-362.6267040043827,0.32756742365325664
-362.0990511527799,0.3385126826641187
-361.59250441518935,0.47874411007758333
-361.0648515635385,0.3380717519915919
-360.558304825996,0.33785578594792476
-360.0517580884055,0.3047397473718245
-359.5241052367547,0.2654323816686901
-359.0175584992121,0.1438772650449529
-358.48990564756133,0.14365230041611277
-357.9833589099708,0.1434363343724261
-357.47681217242825,0.22674548952774742
-356.9491593207774,0.22652052489890728
-356.4426125831869,0.2263045588552206
-355.9149597315361,0.19450758173358018
-355.4084129939935,-0.06517247419150607
-354.8807601423427,-0.13801170368062365
-354.37421340475214,-0.06561340486403289
-353.8676666672096,-0.06582937090770002
-353.34001381555885,-0.06605433553654017
-352.8334670779683,-0.1388845664405043
-352.3058142263175,-0.06644942163514678
-351.79926748877494,0.12112468054739267
-351.2927207511844,0.21454875215191826
-350.76506789953356,0.12068374987486585
-350.25852116199104,0.1914128993448081
-349.7308683103402,0.19118793471596796
-349.2243215727497,0.19097196867228128
-348.71777483520714,0.18498362685762615
-348.1901219835563,0.19053103799977578
-347.6835752459658,0.18454269618509933
-347.15592239436296,0.17661592717859165
-346.64937565677246,0.18410176551259383
-346.12172280512164,0.1761749965060666
-345.61517606753114,0.029805966760944713
-345.10862932998856,0.029590000717277576
-344.58097647833773,0.02936503608843921
-344.0744297407472,0.029149070044750758
-343.5467768891444,0.0764487586699758
-343.0402301515538,0.07623279262628913
-342.53368341396333,0.17211659336909513
-342.00603056236054,0.1718916287402763
-341.49948382477,-0.005317453353182344
-340.97183097311915,-0.02655827778949771
-340.4652842355766,-0.058486929955966716
-339.9376313839258,-0.06434897463481448
-339.43108464633525,-0.1194319964679309
-338.92453790874475,-0.11964796251161935
-338.3968850571419,-0.06500587135100844
-337.89033831955135,-0.06066740594295794
-337.3626854679006,-0.060892370571796306
-336.856138730358,-0.06110833661546344
-336.3495919927675,-0.0613243026591519
-335.8219391411167,-0.06154926728799026
-335.31539240357415,-0.12746504778589163
-334.7877395519233,-0.12769001241473
-334.28119281433277,-0.016500880385624583
-333.753539962682,0.4691461220139388
-333.2469932251394,0.3404025742680705
-332.74044648754887,0.42305032522441977
-332.2127936358981,0.4228253605955814
-331.7062468983555,0.33974567755187657
-331.17859404670475,0.3395207129230382
-330.6720473091142,0.05070495197458058
-330.1655005715716,0.050488985930913444
-329.63784771992084,0.37965964536198804
-329.1313009823303,0.3794436793182996
-328.6036481307275,-0.11720503179517117
-328.09710139313694,0.14805854861628198
-327.5905546555464,0.14784258257259353
-327.0629018038956,-0.12130657158621361
-326.55635506635303,0.10644001505193579
-326.0287022147022,0.14717668727124966
-325.5221554771117,0.15580379008268963
-324.9945026255089,0.10577411975059015
-324.48795588791836,0.3371454664514264
-323.9814091503278,0.33692950040773795
-323.453756298725,0.0012550618267255231
-322.94720956113446,-0.11688017671885653
-322.41955670948363,0.0008141311541987051
-321.9130099719411,-0.4091937591573327
-321.40646323435055,-0.40940972520102115
-320.8788103826998,-0.3992216944268723
-320.37226364510923,-0.12983861864884005
-319.8446107935064,-0.1300635832776571
-319.3380640559158,-0.046177607148068844
-318.81041120426505,-0.13050451395018392
-318.30386446672253,-0.13072047999385106
-317.797317729132,0.0018435906478924124
-317.2696648774812,-0.22073417163613662
-316.7631181399386,-0.22095013767980376
-316.2354652882878,-0.07484650312772345
-315.72891855069724,-0.0750624691714119
-315.2223718131547,-0.07527843521507904
-314.69471896150395,-0.07550339984391741
-314.1881722239134,-0.1457471674365518
-313.66051937226257,-0.14597213206539017
-313.15397263472005,-0.2711912594796999
-312.6474258971295,-0.27140722552338836
-312.11977304547867,-0.1521615126322704
-311.61322630793615,0.16306750559183314
-311.0855734562853,-0.09974901888390164
-310.5790267186948,-0.0999649849275901
-310.051373867044,-0.009162816322819012
-309.5448271295014,-0.1004059156000956
-309.03828039191086,-0.10062188164378405
-308.5106275402601,-0.2284085834510332
-308.00408080271757,-0.06053903154230866
-307.47642795106674,-0.06076399617114703
-306.9698812134762,-0.06097996221483548
-306.46333447593366,0.0011757166904082794
-305.93568162428284,0.000950752061569915
-305.4291348866923,0.2806061340965531
-304.9014820350895,-0.004115380905526322
-304.394935297499,0.25618935358178874
-303.86728244584816,-0.0045563115780531405
-303.3607357082576,-0.09058328418162098
-302.85418897071503,-0.11989005168400979
-302.32653611906426,-0.09102421485412648
-301.8199893814737,-0.09124018089781494
-301.29233652987085,0.01935492048343157
-300.78578979228035,0.13398394602399222
-300.27924305468986,0.2837934321215556
-299.751590203087,0.13354301535148672
-299.24504346549645,0.13332704930779826
-298.7173906138457,0.07076240510320275
-298.2108438763031,0.07054643905953562
-297.7042971387126,-0.08743219196469099
-297.1766442870618,-0.010266858816940783
-296.6700975494712,-0.01048282486062746
-296.1424446978684,-0.010707789489446284
-295.6358979602779,-0.0983292122682613
-295.10824510862705,-0.011148720161973102
-294.6016983710845,0.06681574712732008
-294.09515163349397,0.06659978108363163
-293.5674987818432,0.09183484240251616
-293.0609520443006,0.11349121013479468
-292.53329919264985,0.09139391173001066
-292.0267524550593,0.14489853912584394
-291.5202057175167,0.156128666509316
-290.9925528658659,0.14445760845333844
-290.4860061282754,0.0563106129252553
-289.95835327662456,0.14401667778081162
-289.45180653908204,0.0558696822527498
-288.9241536874312,-0.1600089910686311
-288.4176069498407,-0.16022495711231954
-287.91106021229814,-0.10658548517514355
-287.3834073606473,-0.10681044980398191
-286.8768606230568,0.2104127177855588
-286.349207771406,0.21018775315672045
-285.84266103386346,0.2099717871130533
-285.3361142962729,0.20881867472059135
-284.8084614446221,0.2085937100917512
-284.30191470707956,0.05217355531269696
-283.77426185542873,0.006027382030092454
-283.26771511783824,-0.02744614644459986
-282.76116838029566,-0.11229082465133366
-282.2335155286449,-0.3216320430406139
-281.72696879105433,-0.19761449491095995
-281.1993159394515,-0.3220729737131194
-280.6927692018609,-0.19805542558346723
-280.16511635021016,-0.1982803902123056
-279.6585696126196,0.0033785162817920877
-279.1520228750771,0.0031625502381249504
-278.62437002342625,0.002937585609286586
-278.1178232858357,-0.029495511276499187
-277.5901704342329,-0.09378479676197671
-277.08362369664235,-0.09400076280566516
-276.57707695905185,-0.051578446831973324
-276.04942410744906,-0.05180341146079215
-275.5428773698585,-0.09465765952185912
-275.0152245182077,-0.5002303442606415
-274.5086777806651,-0.5004463103043086
-273.9810249290143,-0.500671274933147
-273.47447819142377,-0.2513033475930069
-272.9679314538332,-0.14761301939970117
-272.4402786022304,0.057010495461632615
-271.9337318646399,0.03473293604762162
-271.4060790129891,-0.09839786427073172
-270.8995322754465,-0.09861383031439885
-270.39298553785596,-0.09882979635808553
-269.8653326862052,-0.09905476098692567
-269.35878594866267,-0.13328860477287918
-268.83113309701184,-0.13827582006655703
-268.3245863594213,-0.13372953544540422
-267.8180396218787,0.09963066002280385
-267.29038677022794,0.2585736082551868
-266.7838400326374,0.25835764221150015
-266.25618718098656,0.25813267758266
-265.7496404434441,0.25791671153899287
-265.22198759179327,-0.18830646541465512
-264.7154408542027,-0.1920650285597567
-264.20889411666013,-0.1887383975020107
-263.68124126500936,-0.17808712824692918
-263.1746945274188,-0.17830309429061586
-262.64704167581596,-0.16578350392595986
-262.14049493822546,-0.14693259976505146
-261.6339482006349,-0.14714856580873814
-261.10629534898413,-0.1473735304375765
-260.59974861144156,-0.050808696485843186
-260.0720957597907,-0.14781446111008378
-259.56554902220023,-0.1727143195413987
-259.0378961705974,0.03228310682617952
-258.5313494330069,-0.21411476080012548
-258.0248026954163,-0.22141983198640958
-257.49714984381353,-0.2466110746340089
-256.990603106223,-0.22186076265891508
-256.46295025457215,-0.22208572728775522
-255.95640351702963,-0.12515494475622368
-255.44985677943907,-0.12537091079991036
-254.9222039277883,-0.1255958754287505
-254.41565719019775,-0.12905000335628003
-253.8880043385949,-0.12927496798509885
-253.3814576010044,-0.12949093402878553
-252.85380474935357,-0.12043559886308586
-252.347258011811,-0.120651564906753
-251.8407112742205,0.02285017304670056
-251.31305842256967,0.02262520841786042
-250.80651168502715,0.022409242374193283
-250.27885883337632,0.06647703370511415
-249.77231209578576,0.06626106766142748
-249.26576535824324,0.07313383049643107
-248.73811250659242,0.07290886586759093
-248.23156576900192,0.13895831939846737
-247.7039129173511,0.23108481518737456
-247.19736617980857,0.24002299006638061
-246.69081944221801,0.23065288310001897
-246.1631665905672,0.2304279184711806
-245.65661985302467,0.23021195242751347
-245.1289670013739,0.024322892218782144
-244.62242026378334,0.010682481633397245
-244.0947674121325,0.023881961546257102
-243.58822067458993,0.21539578337071497
-243.08167393699944,0.12431876794596697
-242.5540210853486,0.1240938033171286
-242.0474743478061,0.12387783727346147
-241.51982149615526,0.07699329718827563
-241.01327475856473,0.07677733114458896
-240.50672802102218,0.02463079433749016
-239.97907516937136,-0.04285778455193068
-239.4725284317808,0.02418986366496334
-238.944875580178,0.023964899036144516
-238.43832884258748,-0.04351468126812463
-237.91067599093665,-0.043739645896964774
-237.4041292533461,-0.16571031419798565
-236.8975825158036,-0.22262789706968888
-236.36992966415278,-0.22285286169852725
-235.86338292656222,-0.1895899796480105
-235.33573007495943,-0.28782013371096227
-234.8291833373689,-0.28803609975464894
-234.32263659977835,-0.19024687636420445
-233.7949837481755,-0.19047184099302328
-233.28843701058497,0.08361636318414867
-232.76078415893417,0.0833913985553103
-232.25423742139162,-0.013026690178799427
-231.7476906838011,-0.23731039097943096
-231.22003783215027,-0.23753535560826933
-230.71349109455977,-0.24876273486904843
-230.18583824295692,-0.2379762862807766
-229.6792915053664,-0.23819225232446328
-229.1516386537156,-0.36587958539850973
-228.64509191617304,-0.16211499676611218
-228.13854517858252,-0.16233096280980064
-227.6108923269317,-0.10265784519646814
-227.10434558938914,-0.22156142684150915
-226.57669273773834,-0.18685205724853304
-226.07014600014782,-0.22200235751403596
-225.56359926260524,-0.2222183235577031
-225.03594641095444,-0.22244328818654147
-224.5293996733639,-0.18772492000841368
-224.0017468217131,0.12402257903996983
-223.49520008417053,0.12380661299630269
-222.96754723251976,0.12358164836746255
-222.4610004949292,-0.20222781896287145
-221.95445375738666,-0.2024437850065386
-221.42680090573583,-0.23620102154894873
-220.9202541681453,-0.2028847156790654
-220.3926013164945,-0.062172523123649626
-219.88605457895196,-0.06238848916731676
-219.37950784136143,-0.06260445521100522
-218.8518549897106,0.13318322368429847
-218.34530825216808,0.13296725764063133
-217.81765540051725,0.13274229301179297
-217.31110866292673,0.3067615607473613
-216.80456192538418,0.30654559470369414
-216.27690907373338,0.30632063007485577
-215.77036233614285,0.356584854696294
-215.24270948454,0.3058796994023485
-214.73616274694947,-0.37920972281913556
-214.20850989529868,-0.37943468744797393
-213.70196315770815,-0.3796506534916624
-213.19541642016557,-0.4009950419251087
-212.6677635685148,-0.3800915841641679
-212.16121683092425,-0.1662350772034351
-211.63356397932142,-0.16646004183225394
-211.12701724173087,-0.14005336963484716
-210.62047050414034,-0.0006850923666625874
-210.09281765253755,-0.0009100569954796356
-209.586270914947,-0.060781147364442845
-209.05861806329617,-0.0013509876680064536
-208.55207132575362,-0.061222078036948346
-208.02441847410284,-0.06144704266578671
-207.5178717365123,-0.007001834466423773
-207.01132499892176,-0.007217800510112227
-206.48367214731897,-0.007442765138929275
-205.97712540972842,-0.0076587311826177285
-205.4494725580776,-0.051672777612095544
-204.94292582053504,-0.0900205749646652
-204.43637908294448,-0.09023654100835365
-203.9087262312937,-0.09046150563719202
-203.40217949375116,-0.198245534190729
-202.87452664210034,-0.19902759117663749
-202.36797990450978,-0.1986864648632558
-201.840327052859,-0.173072362813409
-201.33378031531646,-0.17328832885707612
-200.8272335777259,-0.08033992508597798
-200.29958072607513,-0.08056488971481635
-199.79303398853258,-0.08078085575848348
-199.26538113688176,0.12311519737236765
-198.7588343992912,0.12289923132867919
-198.25228766174865,-0.12001037125651948
-197.72463481009788,-0.12023533588535784
-197.21808807250733,-0.22798966094122797
-196.6904352209045,-0.22821462557004502
-196.18388848331395,-0.22843059161373347
-195.67734174572345,-0.2789890453058579
-195.14968889407263,-0.1376217191953284
-194.64314215653008,-0.13783768523899553
-194.11548930487928,-0.22786954601087928
-193.60894256728875,-0.22808551205456773
-193.0812897156859,-0.22831047668338478
-192.57474297809537,-0.22852644272707323
-192.06819624050482,-0.1317374997507894
-191.54054338890202,-0.13196246437960646
-191.0339966513115,-0.30603250231314405
-190.50634379966067,-0.3474565188549228
-189.99979706211815,-0.34767248489858993
-189.49325032452762,-0.3560681105651753
-188.9655974728768,-0.34811341557111675
-188.45905073528624,-0.09572326422264332
-187.93139788368345,-0.09594822885146037
-187.42485114609292,-0.3569499719102076
-186.8971982944421,-0.1612862355724971
-186.39065155689954,-0.3066574311560455
-185.884104819309,-0.45630017245290944
-185.35645196765822,-0.3981286140190221
-184.84990523011564,-0.30731432787223945
-184.3222523784648,-0.3075392925010778
-183.8157056408743,-0.3359139530247077
-183.30915890333176,-0.33612991906837486
-182.78150605168094,-0.24397749258217694
-182.2749593140904,-0.3365708497409017
-181.7473064624396,-0.3534558832052177
-181.24075972489706,-0.36810132035313536
-180.73421298730653,-0.3538878152925733
-180.2065601356557,-0.35411277992141166
-179.70001339811316,-0.3543287459650788
-179.17236054646236,-0.24258094999241386
-178.66581380887183,-0.1256459071533449
-178.138160957221,-0.24302188066494068
-177.63161421967848,-0.35916497671132497
-177.12506748208796,-0.24345381275229627
-176.59741463043713,-0.21430655939367682
-176.09086789289458,-0.5106034941196764
-175.56321504124378,-0.23490273079998225
-175.05666830365323,-0.21496345610987078
-174.55012156611068,-0.23533466288733784
-174.02246871445988,-0.2355596275161762
-173.51592197686935,-0.23577559355986288
-172.98826912526653,-0.45746020213779914
-172.48172238767597,-0.4576761681814876
-171.95406953602517,-0.1422421851582154
-171.44752279843465,-0.4581170988540144
-170.9409760608921,-0.4024007808091543
-170.41332320924127,-0.26247123904740555
-169.90677647165074,-0.40284171148167935
-169.37912362004792,-0.4673896893168177
-168.8725768824574,-0.40328264215418663
-168.36603014486687,-0.3844170802800253
-167.83837729326405,-0.3846420449088441
-167.3318305556735,-0.3848580109525326
-166.8041777040227,-0.38508297558137095
-166.29763096648014,-0.3852989416250381
-165.7910842288896,-0.3474412124648758
-165.2634313772388,-0.461366425282451
-164.75688463964826,-0.3478821431374026
-164.22923178804544,-0.1084262330266732
-163.7226850504549,0.007341702700484731
-163.19503219880409,0.13301296470236146
-162.68848546126156,0.13279699865869432
-162.181938723671,0.13258103261500764
-161.6542858720202,0.20474978958421453
-161.14773913447766,0.2045338235405474
-160.62008628282686,0.15072873946360943
-160.1135395452363,0.15051277341992098
-159.60699280769376,0.12424578144670662
-159.07933995604296,0.026383887111556703
-158.5727932184524,-0.06292882033471514
-158.0451403668016,0.025942956439029885
-157.53859362925908,0.025726990395362748
-157.01094077760825,-0.2876666260720704
-156.50439404001773,-0.28788259211575884
-155.99784730247518,-0.30489136095827263
-155.47019445082438,-0.33815172014695705
-154.96364771323383,-0.30533229163079767
-154.43599486158303,-0.14119083688870226
-153.92944812404048,-0.016628060291925095
-153.42290138644992,-0.016844026335611773
-152.89524853479912,-0.017068990964451913
-152.3887017972566,-0.009365754151364314
-151.86104894560577,-0.009590718780202678
-151.35450220801525,0.09249020310998546
-150.8479554704727,0.09227423706631832
-150.3203026188219,0.09204927243747818
-149.81375588123134,0.38838086999768606
-149.28610302962852,0.3587550555677037
-148.779556292038,0.34680565824925225
-148.2519034403872,0.3465806936204139
-147.74535670279664,0.3580981588514902
-147.2388099652541,0.34614876153306007
-146.7111571136033,0.29637558174953327
-146.20461037601274,0.2800104315725491
-145.67695752440994,0.2797854669437303
-145.17041078681942,0.12050179033852615
-144.66386404922886,-0.09612471753773377
-144.13621119762604,-0.0963496821665526
-143.6296644600355,-0.09656564821023927
-143.10201160838471,-0.17615758375203683
-142.59546487084216,-0.3459498886897503
-142.06781201919134,-0.34617485331858866
-141.5612652816008,-0.34639081936227534
-141.05471854401026,0.08389890265026523
-140.52706569240743,0.09508548717097476
-140.02051895481694,0.15302164770630533
-139.4928661031661,0.1527966830774652
-138.98631936562356,0.15258071703379805
-138.47977262803303,-0.1928761260357046
-137.95211977638223,-0.19310109066454295
-137.44557303883968,-0.19331705670821187
-136.91792018718886,-0.06516749801853727
-136.41137344959833,0.09204677704499709
-135.90482671205578,0.24999025230158622
-135.37717386040495,0.09160584637248981
-134.87062712281443,0.049311194928845836
-134.34297427116363,0.04908623030000747
-133.83642753362108,-0.19860467529811032
-133.30877468197025,-0.19882963992695046
-132.80222794437975,-0.19904560597063714
-132.2956812068372,-0.19926157201430428
-131.76802835518637,-0.06491148197971519
-131.26148161759585,-0.029834441394354982
-130.73382876599302,-0.030059406023173807
-130.22728202840247,-0.05863180110691957
-129.72073529081194,-0.021373107953051473
-129.19308243916115,-0.059072731779446386
-128.6865357016186,-0.05928869782311352
-128.15888284996777,-0.3998859261045222
-127.65233611237727,0.2096646284972703
-127.12468326077445,0.19311509260963078
-126.61813652318389,0.1928991265659441
-126.11158978559337,-0.07041850778224479
-125.58393693399054,-0.07064347241106361
-125.07739019639999,-0.15149747517459744
-124.54973734474919,-0.27268244282380927
-124.04319060720664,-0.2728984088674764
-123.53664386961611,-0.2894482235424256
-123.00899101796529,-0.289673188171264
-122.50244428037479,-0.2898891542149524
-121.97479142877194,0.008731043990113818
-121.46824469118141,0.03340165740665668
-120.94059183953061,0.03317669277781654
-120.43404510198806,0.032960726734149404
-119.92749836439751,0.032744760690462726
-119.39984551274671,0.03251979606162436
-118.89329877520416,0.1744307753547556
-118.36564592355336,0.17420581072591546
-117.85909918596283,0.17398984468222878
-117.35255244842028,0.17377387863856164
-116.82489959676946,-0.008463069307943272
-116.31835285917896,-0.008679035351629949
-115.79070000752813,0.025216210683204565
-115.28415326998558,0.025000244639537428
-114.77760653239505,0.046409544193995345
-114.24995368074423,0.04618457956515698
-113.74340694320168,0.04596861352148984
-113.21575409155088,0.16865766980339103
-112.70920735396034,0.270142543997828
-112.18155450230952,0.1378311075749643
-111.67500776476697,0.3250189950719129
-111.16846102717645,0.32480302902822444
-110.64080817552563,0.3245780643993861
-110.1342614379831,0.2271188326195368
-109.60660858633229,0.22689386799069844
-109.10006184874175,0.22667790194700999
-108.5935151111992,0.06241715389184144
-108.0658622595484,0.041495931960314536
-107.55931552195786,0.06197622321931462
-107.03166267035503,0.17726627260682015
-106.52511593276449,0.1714785420670939
-105.9974630811137,0.1768253419342951
-105.49091634352315,0.4736795281257997
-104.98436960598062,0.5076338242826797
-104.45671675432979,0.4732385974532942
-103.95017001673926,0.47302263140960576
-103.42251716513645,0.47279766678078694
-102.91597042754591,0.6300844089890685
-102.40942368995537,0.62986844294538
-101.88177083835255,0.629643478316563
-101.37522410076201,0.8009807687366131
-100.84757124911121,0.8007558041077747
-100.34102451156865,0.9342343805492099
-99.83447777397814,0.7511957654737156
-99.30682492232731,0.9439491698751485
-98.80027818473678,0.8809528978792862
-98.27262533313397,0.9588921030952378
-97.76607859554343,0.983645253978688
-97.23842574389262,1.3157260691971526
-96.73187900635007,0.9832043233061825
-96.22533226875953,0.982988357262494
-95.69767941710873,0.7096988530409032
-95.19113267956617,0.709482886997236
-94.66347982791537,0.7092579223683977
-94.15693309032483,0.7403441089573146
-93.65038635278229,0.8653807200172707
-93.12273350113146,0.9466033968699357
-92.61618676354095,0.9463874308262472
-92.08853391189014,0.9461624661974088
-91.58198717434759,1.0520032749056902
-91.05433432269679,0.9457215355249033
-90.54778758510624,1.1152804877144167
-90.04124084756369,1.1150645216707495
-89.51358799591289,1.1596008197019003
-89.00704125832235,1.3708045615631068
-88.47938840667153,1.4983857775848914
-87.97284166912898,1.5286756346728723
-87.46629493153847,1.5284596686291838
-86.93864207988764,1.4977288808686975
-86.43209534234511,1.2604876401056018
-85.9044424906943,1.2602626754767634
-85.39789575310375,1.260046709433075
-84.8913490155612,1.4923757116471208
-84.3636961639104,1.4921507470182824
-83.85714942631986,1.7138519385026196
-83.32949657471704,1.491709816345777
-82.82294983712652,1.7134110078301141
-82.2952969854757,1.7143988760859799
-81.78875024788516,1.795428375304363
-81.28220351034261,1.9374678967909027
-80.75455065869181,2.105223629315617
-80.24800392110127,2.1844039564613897
-79.72035106949845,2.4266892075088204
-79.21380433190792,2.426473241465132
-78.70725759431738,2.5353546600346366
-78.17960474271456,2.5565044547859
-77.67305800512403,2.4317979070353033
-77.14540515347322,2.6993481675607747
-76.63885841593067,2.742459465510171
-76.11120556427986,2.698907236888269
-75.60465882668933,2.7051891946700444
-75.09811208909879,2.7418025687939576
-74.57045923749597,2.704748263997539
-74.06391249990544,2.7045322979538504
-73.53625964825463,3.005575906043653
-73.02971291071208,3.0859926142166305
-72.52316617312154,3.202969979345358
-71.99551332147074,3.216881460415486
-71.48896658392819,3.216665494371819
-70.96131373227738,3.3239620665106866
-70.45476699468685,3.555226013961608
-69.92711414303604,3.32352113583816
-69.42056740549349,3.5547850832891026
-68.91402066790295,3.554569117245414
-68.38636781625215,3.6352502438884606
-67.8798210787096,3.6350342778447935
-67.35216822705878,3.634809313215955
-66.84562148946826,3.7015136939128404
-66.33907475192571,3.701297727869173
-65.8114219002749,3.701072763240335
-65.30487516268437,3.636331182312798
-64.77722231108153,3.7006318325678293
-64.270675573491,3.7431509636788025
-63.764128835900465,3.742934997635116
-63.236475984249665,3.4703437045572656
-62.729929246707115,3.5666370979363524
-62.2022763950563,3.397093796220295
-61.695729657465776,3.3818279179529043
-61.16807680586295,3.3966528655477894
-60.66153006827241,3.396436899504101
-60.15498333068187,3.38218524058742
-59.62733047907905,3.381960275958601
-59.12078374148852,3.3817443099149127
-58.59313088983771,3.155854227800484
-58.08658415229516,2.766065611369381
-57.580037414704634,2.7658496453256927
-57.05238456305382,2.711949834107381
-56.545837825463295,2.6711057566179104
-56.01818497386046,2.6708807919890916
-55.51163823626993,2.768324810652837
-54.98398538461912,2.6704398613165647
-54.47743864707657,2.6702238952728976
-53.97089190948604,2.5390836486244357
-53.44323905783523,2.4437095567975415
-52.93669232029268,2.4251382314805454
-52.40903946864188,2.424913266851707
-51.90249273105134,2.2542540106069833
-51.3959459935088,2.254038044563316
-50.868293141857976,2.2538130799344778
-50.36174640426745,2.30273920671989
-49.834093552616636,2.253372149261951
-49.327546815074086,2.3022982760473845
-48.82100007748355,2.302082310003698
-48.29334722583275,2.06705261561814
-47.786800488290204,2.0379020759816093
-47.25914763663939,2.0666116849456344
-46.752600899048865,2.0663957189019477
-46.224948047398044,2.037236180680244
-45.7184013098555,2.021392678382078
-45.211854572264976,2.2784782829364225
-44.684201720614155,2.2782533183075824
-44.17765498307161,2.129151151090646
-43.650002131420806,2.311019717965433
-43.143455393830266,2.310803751921746
-42.63690865628772,2.3105877858780772
-42.10925580463691,2.310362821249239
-41.602709067046376,2.310146855205552
-41.07505621544356,2.450588778143784
-40.56850947785302,2.4503728121000954
-40.04085662620221,2.2800016406890364
-39.53430988861167,2.2797856746453498
-39.02776315106913,2.1996439062463615
-38.50011029941832,2.179151091764652
-37.993563561827784,2.1992029755738365
-37.46591071022497,2.3599208803850384
-36.95936397263443,2.28911357292516
-36.452817235043895,2.332871673710681
-35.92516438344107,2.442814862448378
-35.41861764585054,2.442598896404691
-34.890964794199725,2.442373931775851
-34.38441805665718,2.442157965732184
-33.87787131906664,2.697172898561165
-33.35021846741584,2.696947933932325
-32.8436717298253,2.6967319678886383
-32.31601887822248,2.720909912394598
-31.809472140631947,2.720693946350911
-31.281819288981133,2.734482354948547
-30.77527255143859,2.7342663889048797
-30.26872581384805,2.6965986081235283
-29.741072962197244,2.5029421679835977
-29.2345262246547,2.696157677451021
-28.706873373003887,2.6959327128221826
-28.200326635413354,2.727899784724608
-27.69377989787081,2.897771930745602
-27.166127046219998,2.949385338445053
-26.659580308629465,3.1405282862354458
-26.13192745697865,3.1403033216066056
-25.62538071943611,3.046442822121973
-25.097727867785302,3.0462178574931347
-24.591181130194762,3.046001891449448
-24.08463439265222,3.045785925405781
-23.556981541001406,2.8843274506358387
-23.050434803410873,2.884111484592152
-22.52278195176006,2.79442199704741
-22.016235214217517,2.794206031003741
-21.509688476626977,2.793990064960054
-20.98203562497617,3.401780715071469
-20.47548888743362,3.50956852262728
-19.947836035782814,3.5093435579984398
-19.441289298192274,3.509127591954753
-18.93474256064973,3.508911625911086
-18.407089708998924,3.6816909477352677
-17.900542971408385,3.774906201008138
-17.37289011980556,3.832078437834621
-16.86634338221503,4.0720100200173235
-16.338690530564225,3.8316375071620943
-15.832143792973685,4.071569089344797
-15.325597055431142,4.217809525543551
-14.797944203780332,4.3259407942343095
-14.291397466189796,4.429123026097235
-13.763744614586976,4.511878832827776
-13.25719787699644,4.673554225608964
-12.750651139405907,4.673338259565275
-12.222998287803083,4.853373637464927
-11.71645155021255,4.905689810389912
-11.18879869856174,5.068239666793957
-10.682251961019194,5.79576169272498
-10.154599109368384,5.851118183545072
-9.648052371777851,6.438569441630307
-9.141505634187311,6.969568026594667
-8.613852782584495,7.187165590527659
-8.107306044993958,7.271270261684734
-7.579653193343148,7.708875226318629
-7.073106455800602,8.193703810450122
-6.566559718210062,8.462072446280985
-6.038906866559255,8.958655441055075
-5.532360129016709,9.172104916177267
-5.004707277365899,9.451746252109139
-4.498160539775363,10.075483665619874
-3.99161380223282,10.168217810021948
-3.4639609505820097,10.36367705460824
-2.9574142129914733,11.125564915522066
-2.4297613613406632,11.768589322298688
-1.923214623798117,12.074107472195928
-1.3955617721473068,12.465534617392318
-0.889015034556774,13.069766246304333
-0.38246829701422413,13.110159990359756
0.14518455463658242,13.139993499654649
0.6517312922271188,13.735655601387869
1.1793841438299388,14.780226543944055
1.6859308814204752,15.25626352922056
2.19247761901101,15.259241039454245
2.72013047066182,15.585235044286403
3.226677208204366,16.205534977568732
3.7543300598551745,16.401783085291555
4.260876797445711,17.19391711270391
4.788529649048531,18.36613540102818
5.295076386639067,18.53655038395452
5.801623124229602,18.787698725200524
6.329275975832422,19.694149513070634
6.835822713422958,19.993861287853264
7.3634755650737675,21.285064468299943
7.870022302616313,21.64833108449583
8.37656904020685,21.99902698474797
8.90422189185766,22.721743024532252
9.410768629448194,23.980095742518984
9.938421481051014,24.43166129580319
10.444968218641549,25.35343502825561
10.972621070292359,25.588836992100717
11.479167807834905,26.382943261655253
11.985714545425441,26.552223169680268
12.513367397076252,27.475864421410613
13.019914134618796,27.666304382095827
13.547566986269606,27.66607941746699
14.05411372386014,27.47520752469442
14.560660461402687,27.4704044701577
15.088313313053497,27.39577046744229
15.594860050644034,27.2177941203038
16.122512902294844,26.118785371021175
16.62905963983739,25.19569266880916
17.135606377427926,24.855511410298853
17.663259229078733,23.88031747212132
18.16980596662128,22.59096485174568
18.69745881827209,21.40038365944729
19.204005555862626,20.9303764313008
19.731658407513436,19.810579358795593
20.238205145055982,18.866373582787535
20.744751882646515,17.26642323401363
21.272404734297325,16.900868831442054
21.77895147183987,15.820839979874638
22.30660432349068,15.538316445038411
22.813151061081218,14.643739866618263
23.31969779862376,14.481478046445947
23.847350650274574,13.319977248668529
24.353897387865107,12.63180086524669
24.88155023946793,12.271420502203865
25.388096977058463,11.441494007139418
25.91574982870927,10.00172845265308
26.42229656629981,9.574853693235843
26.928843303842353,9.412509570997777
27.456496155493163,8.933376390721673
27.9630428930837,8.831994319410304
28.49069574468652,8.157715803953822
28.997242482277056,7.4601056058430935
29.503789219867592,6.834005725565111
30.03144207147041,6.702102116722644
30.537988809060945,6.256799478677333
31.065641660711755,5.235936970442324
31.5721883982543,5.185618595750144
32.07873513584484,4.896157169082354
32.606387987495644,4.2187433533842125
33.112934725086184,4.04723910446854
33.640587576689,3.843957391004528
34.14713431427954,3.8437414249608395
34.674787165930354,3.8383778608046732
35.18133390347289,3.4407713669713385
35.68788064106343,3.2273371820523096
36.215533492714236,2.856734315210165
36.722080230256786,2.856518349166498
37.24973308190759,2.821357368426371
37.75627981949813,2.7981739172033038
38.262826557040675,2.780497652508208
38.79047940869148,2.58414452305791
39.29702614628202,2.4684799044050045
39.824678997932836,2.300011522728745
40.33122573547538,2.173164983485643
40.858878587126185,2.1729400188568047
41.365425324716725,2.1157135674837875
41.87197206225927,1.5974091558562353
42.39962491391008,1.6996905193495575
42.906171651500614,1.699474553305869
43.43382450315142,1.5883085999871405
43.94037124069396,1.5880926339434733
44.44691797828451,1.5878766678997849
44.97457082993531,1.2561549092997062
45.48111756747786,1.2101841836325757
46.00877041912867,1.0709214951999133
46.515317156719206,1.209743252960049
47.02186389426175,1.2095272869163818
47.54951674591256,1.025516708196152
48.056063483503095,1.0253007421524636
48.58371633510592,1.083503524764744
49.09026307269645,1.0491521674074153
49.61791592434726,1.048927202778577
50.1244626619378,1.0487112367348885
50.63100939948034,1.0484952706912214
51.158662251131155,1.048270306062383
51.66520898872169,0.8633312301660414
52.192861840324504,0.8972575390612825
52.699408577915044,0.897041573017594
53.205955315505584,0.6249333115358287
53.7336081671084,0.6137027443607046
54.24015490469893,0.6244923808633214
54.76780775634975,0.5752871596601441
55.27435449389229,0.575071193616477
55.8020073455431,0.5748462289876386
56.308554083133636,0.5746302629439501
56.815100820724176,0.506464568049088
57.34275367232699,0.5062396034202692
57.849300409917525,0.5060236373765807
58.37695326156834,0.6891589283402748
58.88349999911088,0.6889429622966077
59.39004673670142,0.688726996252921
59.91769958835223,0.5556137592669597
60.42424632589477,0.5425022975352505
60.951899177545585,0.5422773329064121
61.45844591513612,0.5420613668627237
61.98609876678693,0.3689815389383302
62.492645504329474,0.2853765830876718
62.999192241920014,0.054347843031834486
63.52684509357082,0.054122878402994345
64.03339183111336,0.014906530225392345
64.56104468276418,0.04691201597076855
65.06759142035472,0.014465599552865527
65.57413815789725,0.04648008388341296
66.10179100954807,-0.04659764988968362
66.60833774713859,0.04603915321088792
67.13599059874143,0.10986230438494538
67.64253733633196,0.10964633834125692
68.1490840739225,0.11094135389979343
68.6767369255733,0.2674163869514299
69.18328366311584,0.11050042322728615
69.71093651476667,-0.0036908206598020854
70.2174832523572,0.2667594902352377
70.74513610396001,0.1944109051877536
71.25168284155055,-0.004347717375996041
71.75822957914109,-0.3528913915262919
72.28588243074391,-0.3531163561551107
72.79242916833444,-0.3533323221987992
73.32008201998525,-0.5633625096551924
73.8266287575278,-0.6073511108392449
74.33317549511833,-0.6075670768829315
74.86082834676915,-0.28042294083215324
75.36737508435968,-0.28067408524281134
75.8950279359625,-0.28089904987163017
76.40157467355303,-0.2811150159153186
76.92922752520383,-0.30487000489348404
77.43577426274638,-0.31893982494094963
77.94232100033693,-0.3191557909846363
78.46997385198773,-0.38646069479954903
78.97652058953028,-0.38667666084321617
79.5041734411811,-0.3779940417160699
80.01072017877163,-0.3720204852565807
80.51726691631417,-0.37842597380342546
81.04491976796498,-0.3724614159290862
81.55146650555552,-0.1623033799595479
82.07911935720634,-0.16252834458838805
82.58566609474887,-0.1627443106320552
83.09221283233941,-0.16296027667574187
83.61986568399023,-0.287040508297542
84.12641242153276,-0.4633440234240762
84.65406527318359,-0.4635689880529146
85.16061201077412,-0.4939474394802428
85.68826486242493,-0.4941724041090829
86.19481159996748,-0.6173869227498461
86.701358337558,-0.43036953122763144
87.22901118920882,-0.6178278534223711
87.73555792675135,-0.4308104619001387
88.26321077840217,-0.4310354265289771
88.76975751599271,-0.43125139257266376
89.27630425353524,-0.5169265194563053
89.80395710518607,-0.4000190348558146
90.3105038427766,-0.43866430566191816
90.83815669437942,-0.438889270290737
91.34470343196996,-0.43910523633442367
91.87235628362076,-0.31485395400866345
92.3789030212113,-0.4395461670069505
92.88544975875384,-0.2633464775691543
93.41310261040466,-0.1466259776868899
93.91964934799519,-0.12330342257967963
94.44730219959801,-0.12352838720849846
94.95384893718855,0.3997832587032022
95.46039567477908,0.39956729265951374
95.9880485263819,0.3993423280306949
96.49459526397244,0.18208041688540533
97.02224811562324,-0.0011749027816616575
97.52879485316579,-0.05316701945637092
98.03534159075633,-0.07903575342245261
98.56299444240715,-0.14137898294486106
99.06954117999767,-0.37810806366187855
99.5971940316005,-0.43541830348011956
100.10374076919103,-0.43563426952380624
100.63139362084183,-0.6744252435372591
101.13794035838438,-0.6746412095809262
101.64448709597492,-0.29270491154399636
102.17213994762572,-0.21841824992607428
102.67868668516827,-0.29314584221650186
103.20633953681909,-0.27724857154420235
103.71288627440963,-0.2935867728890287
104.21943301195218,-0.3130826878060571
104.74708586360298,-0.5583039715486073
105.25363260119352,-0.3135236184785839
105.78128545284433,-0.515517088802806
106.28783219038687,-0.5157330548464731
106.8154850420377,-0.5159580194753133
107.3220317796282,-0.516173985519
107.82857851717075,-0.5163899515626671
108.35623136882157,-0.45483318181018006
108.86277810641211,-0.45504914785386674
109.39043095806291,-0.4552741124827051
109.89697769560546,-0.43797677978435523
110.403524433196,-0.4381927458280437
110.93117728484681,-0.2674425340568902
111.43772402238935,-0.40373162042711463
111.96537687404017,-0.4039565850559548
112.47192361163069,-0.40417255109964145
112.97847034917324,-0.06935575018045448
113.50612320082405,0.1526662998309103
114.01266993841459,0.15245033378722184
114.5403227900174,0.152225369158403
115.04686952760794,-0.40565971614138796
115.57452237925875,-0.4058846807702263
116.08106911684929,-0.41611807710689064
116.58761585439184,-0.45986263890705636
117.11526870604266,-0.585435589327032
117.6218154436332,-0.5856515553707204
118.149468295236,-0.5858765199995393
118.65601503282653,-0.6193667315228151
119.16256177041707,-0.5863084520869144
119.69021462201988,-0.4515400093072035
120.19676135961042,-0.4517559753508902
120.72441421126123,-0.45198093997972855
121.23096094880378,-0.33068431319588143
121.7586138004546,-0.4524218706522358
122.26516053804514,-0.33112524386840825
122.77170727563568,-0.3313412099120967
123.29936012723849,-0.39760335380509915
123.80590686482901,-0.3978193198487876
124.33355971647984,-0.3318814236627272
124.84010645402236,-0.3982602505212931
125.34665319161292,-0.39847621656498156
125.87430604326372,-0.4322195098425876
126.38085278080626,-0.5408863956313077
126.90850563245708,-0.5411113602601461
127.41505237004762,-0.43287640655878157
127.92159910759017,-0.4330923726024487
128.44925195924097,-0.5066402409876645
128.9557986968315,-0.5068562070313529
129.48345154848232,-0.5070811716601913
129.98999828602484,-0.512156785845292
130.51765113767567,-0.5075221023326968
131.0241978752662,-0.3876058773631872
131.53074461280875,-0.3878218434068543
132.05839746445957,-0.4663761980429335
132.5649442020501,-0.46659216408662196
133.09259705365292,-0.47841892934039976
133.59914379124345,-0.47863489538408643
134.10569052883397,-0.4672490608028159
134.6333433804848,-0.4643498816225087
135.13989011802732,-0.4254074094234106
135.66754296967815,-0.41590295395293
136.17408970726868,-0.36366942557770976
136.7017425588715,-0.1801897733166733
137.20828929646206,-0.18040573936035997
137.71483603405258,-0.4167758167128124
138.2424888856554,-0.18084667003286548
138.74903562324593,-0.23420555841429547
139.27668847489673,-0.23443052304313383
139.7832352124393,-0.23464648908680097
140.2897819500298,-0.23486245513048942
140.81743480168063,-0.3954216424669319
141.32398153927116,-0.39563760851062035
141.851634390874,-0.5595476678667364
142.3581811284645,-0.39607853918312586
142.88583398011534,-0.5599885985392632
143.3923807176579,-0.5602045645829303
143.8989274552484,-0.5604205306266188
144.4265803068992,-0.4648064250180681
144.9331270444418,-0.6058993955079881
145.4607798960926,-0.6352113833113808
145.96732663368311,-0.4654633217342621
146.47387337122566,-0.39084398520148333
147.0015262228765,-0.3910689498303217
147.508072960467,-0.3394676669604877
148.03572581211782,-0.06214565879922063
148.54227254966037,0.03560245510214166
149.0488192872509,0.03538648905845321
149.5764721389017,0.09866108639718973
150.08301887644427,0.06678328980203752
150.61067172809507,0.03472059375710934
151.1172184656856,-0.31922067857378167
151.6448713173364,-0.31944564320262003
152.15141805487897,-0.3743196804966882
152.65796479246947,-0.37453564654037663
153.1856176441203,-0.320102539918814
153.69216438166285,-0.023242741378671994
154.21981723331365,-0.02346770600751036
154.72636397090417,-0.023683672051198812
155.23291070844675,-0.048633255990898405
155.76056356009755,-0.09984730601081715
156.26711029768808,-0.1000632720545056
156.7947631492909,-0.29280822690290265
157.30130988688146,-0.16041786808959735
157.82896273853225,-0.1606428327184357
158.33550947612278,-0.16085879876212417
158.84205621366533,-0.23927332889428676
159.36970906531616,-0.16129972943462967
159.87625580290666,-0.17891190939444712
160.40390865450948,-0.17913687402326417
160.91045539210003,-0.17935284006695262
161.41700212969056,0.09886840115114914
161.94465498129338,0.02498443217799462
162.45120171888394,0.024768466134306166
162.97885457053474,-0.02640284683948302
163.4854013080773,0.024327535461800665
163.9919480456678,-0.02683477892683861
164.51960089731864,-0.1377506272851381
165.02614763490914,-0.13796659332882477
165.55380048651196,-0.1381915579576436
166.06034722410251,-0.13840752400133205
166.5880000757533,-0.22056106490025762
167.09454681329586,-0.22077703094392476
167.60109355088642,-0.22559408458753616
168.12874640253722,-0.25293069847774596
168.63529314007977,-0.2531466645214131
169.16294599173057,-0.22625997988888003
169.66949272932112,-0.2535875951939399
170.17603946686364,-0.25380356123760706
170.70369231851447,-0.09263430813733464
171.210239056105,-0.5043459024563273
171.7378919077558,-0.5773938873994968
172.24443864529835,-0.5047868331288328
172.77209149694914,-0.08836973192032005
173.2786382345397,-0.141981717426221
173.78518497208225,-0.14219768346988815
174.31283782373305,-0.1424226480987265
174.8193845613236,-0.17296315070044166
175.3470374129744,-0.17318811532928002
175.85358415051695,-0.17340408137294716
176.36013088810748,-0.17362004741663384
176.8877837397583,-0.3794783234840349
177.39433047730083,-0.19185365626203676
177.92198332895163,-0.3799192541565404
178.42853006654218,-0.38013522020022883
178.93507680408473,-0.19251055297823072
179.46272965573553,-0.19273551760706908
179.96927639332608,-0.24805287441854418
180.4969292449289,-0.029548331378252968
181.00347598251943,-0.24849380509105146
181.53112883417023,-0.27315233351953694
182.0376755717608,-0.2733682995632236
182.5442223093033,-0.27358426560689253
183.0718751609541,-0.3464309279366553
183.57842189854466,-0.4191882232962669
184.10607475014749,-0.41941318792508575
184.612621487738,-0.4196291539687742
185.11916822532856,-0.47969034852643944
185.6468210769314,-0.3613809393030163
186.1533678145219,-0.3058429914373626
186.6810206661727,-0.2979388003004573
187.18756740371526,-0.2981547663441244
187.7152202553661,-0.2841424751056909
188.22176699295662,-0.2107652643517497
188.72831373054714,-0.28457440719306604
189.25596658214997,-0.15538244966085735
189.7625133197405,-0.0940326416357049
190.2901661713913,-0.07733757476706771
190.79671290893387,-0.07755354081073484
191.3032596465244,-0.07776950685442152
191.8309124981752,-0.07799447148326166
192.33745923571774,-0.0782104375269288
192.86511208736857,0.0107877471035156
193.3716588249591,0.010571781059828922
193.8993116766099,0.010346816430988781
194.40585841415245,-0.004994796512795219
194.91240515174297,-0.0413218574476506
195.4400580033938,-0.0913715439979157
195.94660474093635,-0.09158751004158283
196.47425759258715,-0.0918124746704212
196.98080433017768,-0.09202844071410787
197.48735106772023,-0.21400470442214115
198.01500391937103,-0.062208743510355546
198.52155065696155,0.019046893503807283
199.0492035085644,0.01882192887498846
199.55575024615493,-0.20298189081258222
200.06229698374548,-0.2031978568562689
200.58994983539625,-0.352385358274633
201.09649657293883,-0.43600683747143876
201.62414942458966,-0.4362318021002789
202.1306961621802,-0.4364477681439656
202.65834901378298,-0.4366727327727844
203.16489575137354,-0.07562811718876894
203.67144248896406,-0.07584408323245562
204.19909534056686,-0.1472572803399217
204.7056420781574,-0.322016901436708
205.23329492980824,-0.1476982110124485
205.7398416673508,-0.3224578321092153
206.2463884049413,-0.34090781040351814
206.7740412565921,-0.3411327750323583
207.28058799418264,-0.5138912413099188
207.8082408457855,-0.5141162059387376
208.31478758337602,-0.5143321719824243
208.84244043502682,-0.4442867208465966
209.34898717256937,-0.3126311136845068
209.85553391015992,-0.25663096310177735
210.3831867618107,-0.31307204435703184
210.88973349935324,-0.31328801040070076
211.41738635100407,-0.3958050152903638
211.92393308859462,-0.3960209813340505
212.43047982613717,-0.39623694737771764
212.95813267778794,-0.3356589454711667
213.4646794153785,-0.20426344331653823
213.99233226702933,-0.15946434345366356
214.49887900457182,-0.15968030949733247
215.00542574216237,-0.20492034003273218
215.5330785938132,0.006450565929085883
216.03962533135575,0.006234599885418746
216.56727818300652,-0.08820682827565562
217.07382492059708,-0.26208621180470004
217.6014777722479,-0.11522767780058629
218.10802450979045,-0.2625271424772073
218.61457124738098,-0.29647800829378923
219.14222409903178,-0.26296807314973236
219.64877083657433,-0.29691893896629473
220.17642368822516,-0.31861050221463216
220.68297042581568,-0.6360957793185342
221.1895171633582,-0.319042434301986
221.71717001500903,-0.31926739893082434
222.22371675259959,-0.26293269849987766
222.75136960420238,-0.17011458869673568
223.2579163417929,-0.17033055474042236
223.78556919344373,-0.2635985938012233
224.2921159310343,-0.3335577121765354
224.79866266857684,-0.4354730427129052
225.3263155202276,-0.4472774425361923
225.83286225781816,-0.43591397338543203
226.360515109421,-0.43613893801425085
226.86706184701148,-0.10683545722881327
227.37360858460204,-0.10705142327250172
227.90126143620486,-0.10676542874418082
228.40780817379542,-0.1069813947878675
228.9354610254462,-0.10476339608133678
229.44200776298877,-0.024080874845832767
229.9485545005793,-0.02429684088952122
230.47620735223012,-0.010669458959652545
230.98275408982067,-0.02473777156204804
231.51040694142347,0.13057269104553448
232.016953679014,-0.04079475919443887
232.54460653066482,-0.04101972382327723
233.05115326820734,-0.06966505352617247
233.55770000579787,-0.06988101956986092
234.0853528574487,-0.11126310470191392
234.59189959499125,-0.13183893251487433
235.11955244664205,-0.13206389714371447
235.62609918423257,-0.19462064772694454
236.13264592177512,-0.38845503114058744
236.66029877342595,-0.4024042243478654
237.1668455110165,-0.1952775444431385
237.69449836266728,-0.19550250907197686
238.20104510020983,-0.06860291608974833
238.72869795186065,-0.006551752137101019
239.23524468945115,0.12984105591331208
239.74179142699373,0.12962508986964494
240.26944427864456,-0.06948477743478065
240.77599101623508,-0.3299906319861261
241.30364386788588,-0.3310493708509501
241.81019060542843,-0.3778690644822831
242.31673734301896,-0.3589639154254538
242.84439019466978,-0.3713773212018072
243.3509369322123,-0.37159328724547436
243.87858978386313,-0.3718182518743127
244.38513652145366,-0.3720342179180012
244.8916832589962,-0.5551359099597022
245.419336110647,-0.5553608745885406
245.92588284823753,-0.555576840632229
246.4535356998404,-0.2929500902990654
246.9600824374309,-0.22516980995402136
247.4877352890817,-0.19464891606062196
247.99428202667224,-0.1948648821043104
248.50082876421482,-0.11446495997783401
249.02848161586562,-0.07129346507290535
249.53502835345617,-0.05170782431596699
250.06268120505896,-0.051932788944784036
250.56922794264952,-0.0719503617890993
251.07577468024004,0.10987389638735756
251.60342753184284,-0.0271572098201478
252.1099742694334,-0.027373175863836252
252.63762712108422,-0.027598140492674617
253.14417385862677,-0.027814106536341754
253.67182671027754,-0.06012652890643544
254.1783734478681,-0.06034249495012389
254.68492018545862,-0.2110739535344326
255.21257303706147,-0.21129891816324964
255.71911977465197,-0.2630229390898968
256.2467726263028,-0.2632479037187352
256.7533193638453,-0.3722179707994808
257.2598661014359,-0.2636798358060908
257.78751895308665,-0.26390480043492914
258.2940656906292,-0.2489466947267669
258.82171854228005,-0.05238626946371916
259.3282652798706,0.07615858366850148
259.8348120174131,-0.05281820155107475
260.36246486906396,-0.053043166179913115
260.86901160665445,0.07550168695230752
261.3966644583053,0.16708014191907594
261.9032111958478,0.1668641758754088
262.43086404749863,0.2213466641610129
262.9374107850892,0.22113069811732444
263.44395752263176,0.16620727915921485
263.9716103742825,0.12797714479064304
264.4781571118731,0.07133659432718176
265.0058099634759,-0.03400100900002201
265.51235670106644,-0.06396642281487708
266.018903438657,-0.15623227200890355
266.54655629030776,-0.25385961028501214
267.0531030278503,-0.2540755763286793
267.5807558795011,-0.25430054095751764
268.0873026170916,-0.2545165070012061
268.61495546869446,-0.18311875303525582
269.121502206285,-0.1280453660249652
269.62804894387557,-0.12826133206865364
270.15570179547836,-0.056631496468380504
270.6622485330689,-0.05684746251206896
271.18990138471975,-0.05707242714090732
271.69644812226227,-0.20789581865555462
272.20299485985277,-0.20811178469924307
272.7306477115036,-0.20833674932808144
273.23719444909415,-0.2085527153717699
273.764847300697,-0.024480753587106108
274.2713940382875,-0.02469671963079456
274.7990468899383,-0.10717884615619688
275.30559362748085,-0.45746757426579876
275.8121403650714,-0.10761077824355247
276.33979321672217,-0.10783574287239084
276.84633995426475,-0.4581244709819927
277.3739928059156,0.07766231213845387
277.8805395435061,0.07744634609476542
278.3870862810486,-0.1346857550607936
278.9147391326994,-0.13491071968963197
279.42128587029,-0.13512668573332043
279.9489387219408,-0.1391994329786055
280.4554854594833,-0.13941539902227262
280.9620321970739,-0.13963136506596108
281.4896850487247,-0.13985632969479944
281.99623178626723,-0.14007229573846658
282.523884637918,-0.07212068576379238
283.03043137550856,0.10555325997308707
283.5580842271594,0.1053282953442487
284.06463096470196,-0.07277758247998634
284.57117770229246,-0.02500661406313398
285.0988305539433,-0.02523157869197412
285.6053772914858,-0.07900744505150215
286.1330301431366,-0.08379203994021722
286.63957688072713,-0.10725484795490736
287.1461236182697,-0.1074708139985745
287.67377646992054,-0.08444893665641118
288.18032320751104,0.02247456096620226
288.7079760591139,0.022249596337383437
289.2145227967044,0.04153661910902784
289.7421756483552,0.041311654480189475
290.24872238594577,0.04109568843650102
290.7552691234883,-0.2967860166442158
291.2829219751391,-0.12283525208236057
291.7894687127297,-0.12305121812604725
292.31712156433247,-0.12327618275486607
292.82366830192296,-0.022962747328982402
293.3302150395135,-0.02317871337266908
293.85786789111637,-0.011467625405247261
294.3644146287069,-0.011683591448935715
294.8920674803577,-0.11563054405309359
295.3986142179002,-0.15557814703552886
295.90516095549077,-0.1160624761404474
296.4328138071416,-0.15601907770805568
296.9393605447321,-0.11650340681297422
297.46701339633495,-0.016106729284997456
297.9735601339255,0.0071715344355105515
298.5012129855763,-0.016547659957524274
299.00775972311885,-0.016763626001191412
299.51430646070935,-0.1116292237302492
300.0419593123602,-0.26747219426771096
300.54850604990276,-0.3813067059038655
301.0761589015535,-0.29664782894762176
301.5827056391441,-0.38588369291787217
302.0892523766866,-0.29707976103497735
302.61690522833743,-0.36202776869557773
303.1234519659279,-0.3622437347392644
303.65110481757876,-0.36246869936810455
304.15765155512133,-0.3626846654117717
304.6853044067721,-0.36290963004061005
305.19185114436266,-0.3552353263604253
305.6983978819052,-0.2712997439228051
306.226050733556,-0.27152470855164346
306.73259747114656,-0.1017849407946958
307.26025032279733,-0.10200990542353594
307.7667970603399,-0.10222587146720308
308.27334379793047,-0.3729627813219114
308.8009966495813,-0.3796613502404611
309.3075433871238,-0.37987731628412824
309.83519623877464,-0.37362867662325705
310.34174297636514,-0.3738446426669437
310.8482897139077,0.058829736399186316
311.3759425655585,0.131507554664692
311.88248930314904,0.0583888057266595
312.4101421547519,-0.05397251136033887
312.9166888923424,-0.054188477404027324
313.4443417439932,-0.27641167825019686
313.9508884815837,-0.4505367026232836
314.4574352191263,-0.45075266866695074
314.98508807077707,-0.4509776332957909
315.4916348083676,-0.45119359933947756
316.0192876599705,-0.44588729886100253
316.52583439756097,-0.3619674157035426
317.0323811351515,-0.3612017555212521
317.5600339867543,-0.1777523932994498
318.0665807243449,-0.17796835934313648
318.5942335759957,-0.2523784505559039
319.1007803135383,-0.2955557828982691
319.62843316518905,-0.2528193812284094
320.1349799027796,-0.2530353472720961
320.6415266403701,-0.2962126796144826
321.1691794919729,-0.29643764424330143
321.67572622956345,-0.23156728767283852
322.2033790812143,-0.23179225230167866
322.70992581875686,-0.2320082183453458
323.21647255634736,0.0002274804016835219
323.7441254079982,2.5157728451574712e-06
324.2506721455407,-0.00021345027082197987
324.77832499719153,-0.2860009915571027
325.2848717347821,-0.4133276357145128
325.81252458643286,-0.41355260034335295
326.31907132397544,-0.2877260492408169
326.82561806156593,-0.28767001455628716
327.35327091321676,-0.28816697991334195
327.8598176507593,-0.28811094522879266
328.3874705024101,-0.21852469309081002
328.89401724000066,-0.2187406591344967
329.40056397754324,-0.28548381149626145
329.928216829194,-0.21918158980700397
330.43476356678457,-0.18823311616870342
330.96241641838736,-0.2861497067976071
331.4689631559779,-0.18867404684120892
331.9755098935684,-0.07621302099259708
332.50316274521924,0.24284931881259197
333.0097094827618,0.24263335276892484
333.5373623344126,0.2856037808772314
334.04390907200315,0.42783796238407845
334.57156192360594,0.3519036572666874
335.0781086611965,0.42739703171157295
335.58465539878705,0.4271810656678845
336.11230825038984,0.3512467605504934
336.6188549879804,0.04751853108740001
337.1465078396312,0.047293566458559866
337.65305457717375,-0.0029574681810533576
338.15960131476425,0.017608179279656966
338.6872541664151,0.0173832146508186
339.1938009040056,0.017167248607130148
339.7214537556084,-0.0038393295260856775
340.228000493199,0.016726317934624646
340.7556533448498,-0.0599302322098918
341.2622000823923,-0.10978141454796564
341.7687468199829,-0.10999738059165232
342.29639967163365,-0.1923519949686021
342.80294640917623,-0.19554653778113718
343.33059926082706,-0.19577150240997732
343.83714599841755,-0.19300889168479607
344.3436927359601,-0.1932248577284632
344.8713455876109,0.0920870076946354
345.37789232520146,0.09187104165094873
345.90554517685223,0.09164607702211036
346.4120919143948,0.09143011097844322
346.91863865198536,0.09121414493475477
347.4462915036362,0.08700826692979113
347.9528382411787,0.11745253061611294
348.48049109282954,0.08656733625728563
348.98703783042004,0.08635137021359718
349.51469068207086,0.08612640558475881
350.0212374196134,0.008368511528626499
350.52778415720394,0.008152545484938045
351.05543700885477,0.07111983669163102
351.5619837463973,0.07090387064796388
352.0896365980481,0.07067890601912552
352.5961833356386,0.17667512604767843
353.1027300731812,0.1764591600040113
353.630382924832,0.12919686194618407
354.1369296624226,0.12898089590249562
354.66458251402537,0.1287559312736768
355.17112925161587,-0.4655729491490064
355.6987821032667,-0.07323602160560583
356.2053288408572,-0.25310700422829946
356.71187557839977,-0.2533229702719666
357.2395284300506,-0.07389291832179978
357.74607516764115,-0.05997861537260185
358.27372801924395,-0.060203580001420676
358.7802747568345,0.15834353622038932
359.286821494425,0.15812757017670087
359.81447434602785,0.15790260554788382
360.3210210836184,0.15768663950419537
360.8486739352692,0.157461674875357
361.35522067281175,-0.02941331153009763
361.86176741040225,-0.1856911696339516
362.3894202620531,-0.18591613426278997
362.8959669996436,-0.18613210030647842
363.42361985124643,0.057823762823685954
363.930166588837,0.0576077967799975
364.45781944048775,0.057382832151159135
364.96436617803033,-0.12107980714618982
365.47091291562083,-0.16481765333407594
365.99856576727166,-0.1650426179629143
366.5051125048142,-0.12173670386238378
367.032765356465,-0.028777109799561273
367.53931209405556,-0.028993075843249727
368.04585883159814,-0.029209041886916864
368.5735116832489,0.06341388056567787
369.08005842083946,-0.031256084421816155
369.6077112724903,-0.03148104905065452
370.1142580100328,-0.24318093095993554
370.6419108616836,0.07123566325029707
371.14845759927414,-0.11022592487891814
371.6550043368167,0.07080373116294147
372.18265718846754,0.07057876653410311
372.68920392605804,0.16271748733947788
373.21685677770887,0.16249252271063952
373.7234035152514,0.1651300014743864
374.22995025284195,0.16491403543069794
374.7576031044927,-0.12560521416694925
375.2641498420353,-0.1258211802106164
375.7918026936861,-0.39079738593600233
376.2983494312766,-0.3910133519796908
376.8048961688192,-0.19759385840247923
377.33254902046997,0.1379839773360434
377.8390957580605,-0.020795557174078994
378.3667486096634,-0.02102052180289604
378.87329534725393,-0.021236487846584495
379.4009481989047,-0.02146145247542286
379.9074949364952,-0.021677418519111313
380.4140416740378,0.10765745034138696
380.9416945256886,0.1074324857125486
381.44824126327916,0.10721651966886014
381.97589411488195,-0.20791343288633968
382.4824408524725,-0.29130975556600625
382.988987590063,-0.2915257216096929
383.5166404416658,-0.20857032960253363
384.02318717925635,-0.045710239767077
384.5508400309072,-0.04593520439591536
385.0573867684497,-0.0461511704395825
385.58503962010053,-0.12094261615997226
386.0915863576911,-0.2546821891680775
386.5981330952816,-0.3288302340999554
387.12578594688443,-0.3290551987287742
387.63233268447493,-0.25533908588427146
388.15998553612576,-0.3117681496509963
388.6665322736683,-0.32971209544496816
389.17307901125884,-0.38018415303150555
389.70073186290966,-0.4386311152798559
390.2072786004522,-0.4949755088954291
390.734931452103,-0.49520047352426744
391.2414781896935,-0.43928801199604983
391.74802492723614,0.07064982565577083
392.27567777888686,0.15983398379176705
392.7822245164774,0.32525387552400353
393.30987736812824,0.3874732820985205
393.8164241056708,0.38725731605485336
394.3440769573216,0.387032351426015
394.8506236949121,0.2518599497315055
395.3571704324547,0.23801538306357983
395.88482328410555,0.006076237604702328
396.391370021696,-0.09210478970230973
396.91902287329884,-0.09232975433112678
397.4255696108894,-0.009636719241839842
397.93211634847995,0.005203374844821695
398.4597692001307,-0.01007764991436666
398.9663159376733,-0.010293615958033797
399.49396878932413,-0.010518580586872162
400.0005155269147,-0.004353388767258437
400.5281683785175,-0.004578353396075485
401.034715116108,-0.004275319086172402
401.54126185369853,0.005926309326127921
402.0689147053013,-0.004716249758677904
402.5754614428919,0.005485378653620643
403.1031142945427,0.005260414024782278
403.6096610320852,-0.0009284465276859777
404.1162077696757,-0.0011444125713744313
404.64386062132655,-0.0013693772002127957
405.1504073589171,-0.001585343243899473
405.6780602105199,0.2261073683488899
406.18460694811046,0.22589140230520144
406.7122597997613,0.22566643767636307
407.2188065373038,0.41585913015647513
407.72535327489436,0.4156431641127867
408.2530061265452,0.19632580322183557
408.75955286408765,0.2197963694967182
409.2872057157385,0.21957140486787985
409.79375245332903,0.2193554388241914
410.3002991908716,0.26597983410796466
410.8279520425224,0.2657548694791263
411.33449878011294,0.26553890343543785
411.86215163176377,0.22418176702794312
412.36869836930634,0.09049087898219632
412.8752451068969,0.09027491293850964
413.4028979585476,0.0900499483096695
413.9094446960902,0.08551663741097748
414.437097547741,0.08529167278213912
414.9436442853315,0.11759298469545065
415.47129713698234,0.11736802006661051
415.9778438745249,0.11715205402294337
416.4843906121155,0.1169360879792567
417.0120434637662,0.21662938356273642
417.5185902013088,0.21641341751906928
418.0462430529596,0.24230121151640027
418.55278979055015,0.2420852454727136
419.0593365280927,0.24186927942904468
419.5869893797435,-0.2005299845457298
420.09353611733405,-0.20074595058941647
420.62118896893685,-0.2009709152182353
421.1277357065274,-0.03925311641737572
421.65538855817823,0.20351871770443886
422.1619352957687,0.3357394238345055
422.66848203331125,0.5234786883612905
423.1961348849621,0.5232537237324504
423.70268162255263,0.5230377576887637
424.2303344741554,0.5228127930599449
424.736881211746,0.232711576192683
425.2434279493365,0.23249561014899633
425.77108080093933,0.15697083275637524
426.2776275385298,0.02119844525300607
426.80528039018066,0.02097348062416593
427.3118271277232,0.1563139360401813
427.81837386531373,0.020541548536812115
428.34602671696456,-0.05443557639082819
428.8525734545551,-0.2870369675599296
429.3802263061579,-0.2872619321887484
429.8867730437484,-0.2874778982324351
430.41442589539923,-0.4368993684771656
430.92097263294187,-0.5008352755582806
431.4275193705323,0.03985815985840091
431.95517222218314,-0.1974939890728198
432.4617189597257,-0.3592805013822655
432.9893718113765,-0.1979349197453253
433.495918548967,-0.014955857349839619
434.0024652865096,-0.1983668518326791
434.53011813816045,-0.23961035763608507
435.03666487575094,-0.015612754066033574
435.5643177274017,-0.01583771869487194
436.0708644649443,0.02400985002899958
436.5985173165951,0.023784885400161215
437.1050640541857,0.21179980987423264
437.6116107917282,0.2115838438305655
438.139263643379,-0.0057147139109474665
438.6458103809696,-0.16703300083721118
439.1734632326203,-0.006155644583472508
439.68000997016287,-0.006371610627141422
440.1865567077534,0.033289867206146795
440.71420955940425,0.03306490257730843
441.2207562969468,0.03284893653364129
441.7484091485976,-0.11922845931698234
442.25495588618816,-0.11944442536066902
442.7615026237306,-0.11966039140433615
443.28915547538145,-0.10717308457834562
443.795702212972,0.004140925824373198
444.3233550645748,0.003915961195554374
444.82990180216535,0.0036999951518676966
445.3575546538162,0.040322414777854476
445.86410139140673,-0.02663158569528079
446.37064812894926,-0.04687337864229768
446.8983009806001,-0.047098343271136045
447.4048477181906,-0.027288482411474746
447.9325005697934,-0.02751344704029357
448.43904730738393,0.014566846677164236
448.9455940449745,0.3207749133803084
449.4732468965773,0.32054994875148957
449.97979363416783,0.3203339827078029
450.50744648581866,0.5216027956989517
451.01399322336124,0.3198930520352956
451.54164607501195,0.48875696221162634
452.0481928126025,0.48854099616793967
452.55473955019306,-0.019808340314433792
453.0823924017959,-0.020033304943252617
453.58893913938647,0.05989858148205762
454.11659199103724,0.05967361685321926
454.6231387285798,0.34422322221516666
455.1296854661704,0.3440072561714782
455.6573383178211,0.43069067758965396
456.1638850553637,0.3435663254989727
456.6915379070145,0.2501622911606116
457.19808464460505,0.21034683146379685
457.7257374962558,0.19990506698679233
458.2322842337984,0.1996891009431252
458.73883097138895,0.19947313489943674
459.2664838230398,0.19924817027059838
459.7730305605823,0.2709249614056759
460.3006834122331,0.36882083840648683
460.8072301498236,0.6488606426891632
461.31377688736615,0.6486446766454961
461.841429739017,0.6484197120166577
462.3479764766075,0.2208938756737009
462.8756293282103,0.22066891104488207
463.3821760658009,0.2204529450011954
463.8887228033914,0.22023697895750693
464.4163756550422,0.4359563497429608
464.9229223925847,0.4357403836992937
465.45057524423555,0.6200226736932137
465.9571219818261,0.6198067076495253
466.4847748334289,0.6195817430207065
466.99132157101945,0.25397712472945955
467.49786830861,0.654994830773612
468.0255211602128,0.37041699604555234
468.5320678978033,0.37020103000186566
469.05972074945413,0.5673589802435011
469.56626748699676,0.5671430141998339
470.07281422458726,0.3695441332856717
470.60046707623803,0.39057246550152414
471.1070138138286,0.3903564994578357
471.63466666543144,0.39013153482901686
472.141213403022,0.3899155687853302
472.6688662546727,0.3896906041564918
473.17541299221534,0.3478140999478061
473.68195972980584,0.34759813390411765
474.2096125814566,0.2842213297710785
474.7161593189992,0.25106886474405066
475.24381217065,0.2508439001152105
475.75035890824057,0.2580407174222543
476.2569056457831,0.2504119680278567
476.7845584974339,0.2575997867497488
477.2911052350245,0.25738382070606036
477.81875808667525,0.257158856077222
478.32530482421777,0.39820884658295874
478.8318515618083,0.3979928805392703
479.35950441345915,0.1845624159240309
479.86605115100167,0.2669478091625006
480.3937040026525,0.26672284453366224
480.90025074024305,0.2665068784899738
481.4279035918939,0.2662819138611354
481.93445032943634,0.30897931146951585
482.4409970670269,0.4576262226025243
482.9686499186777,0.4574012579736859
483.47519665622025,0.3083224147533219
484.0028495078711,0.30809745012448353
484.50939624546163,0.30303492184255276
485.01594298300415,0.3028189557988856
485.5435958346549,0.30259399117004726
486.0501425722455,0.3023780251263588
486.5777954238483,0.28207483850260573
487.0843421614388,0.02374875148382749
487.61199501308965,0.023523786854989126
488.1185417506802,0.023307820811300672
488.6250884882228,0.3017788434582567
489.15274133987356,0.49303532867232924
489.65928807746405,0.4928193626286408
490.18694092906696,0.49259439799982374
490.6934876666574,0.4923784319561353
491.20003440424796,0.49216246591244683
491.7276872558508,0.523930604294705
492.23423399344136,0.5934635039522167
492.76188684509214,0.5932385393233783
493.2684335826347,0.5792622904716325
493.77498032022527,0.579046324427944
494.3026331718761,0.4459220197146134
494.8091799094666,0.445706053670925
495.3368327610694,0.2950283085746328
495.84337949865994,0.44526512299841947
496.37103235031077,0.6144966953736191
496.8775790878533,0.6142807293299519
497.38412582544385,0.6140647632862635
497.9117786770947,0.6329300198061265
498.4183254146372,0.613623832613758
498.945978266288,0.5973493630388234
499.4525250038785,0.5971333969951349
499.95907174142104,0.12269658546037832
500.48672459307187,0.12247162083153995
500.9932713306624,0.1222556547878515
501.52092418231325,0.3452260226767603
502.0274709198558,0.5310524648752377
502.5551237715066,0.5308275002463994
503.0616705090971,0.5377346648464592
503.5682172466396,0.537518698802792
504.09587009829045,0.5372937341739537
504.602416835881,0.4464660629416439
505.13006968753183,0.6517197677545372
505.63661642507435,0.6515038017108701
506.1431631626649,0.6693979240403731
506.6708160143157,0.6510628710383433
507.1773627518582,0.6508469049946761
507.705015603509,0.7347617513386666
508.2115623410996,0.5937151341717826
508.71810907864216,0.5784583904935765
509.24576193029293,0.5782334258647381
